date,company,stock price,sentiment result,prediction
2014-08-14,Meta,74.30000305175781,"[[], [], [], [], [], [], [], [], [], [], [], [], [], [], [], [], [], [], [], [], [], [], [], [], []]",74.00592482197234
2014-08-15,Meta,73.62999725341797,"[[], [], [], [], [], [], [], [], [], [], [], [], [], [], [], [], [], [], [], [], [], [], [], [], []]",74.24592840722434
2014-08-18,Meta,74.58999633789062,"[[], [], [], [], [], [], [], [], [], [], [], [], [], [], [], [], [], [], [], [], [], [], [], [], []]",73.9531312975878
2014-08-19,Meta,75.29000091552734,"[[], [], [], [], [], [], [], [], [], [], [], [], [], [], [], [], [], [], [], [], [], [], [], [], []]",74.14692797870421
2014-08-20,Meta,74.80999755859375,"[[], [], [], [], [], [], [], [], [], [], [], [], [], [], [], [], [], [], [], [], [], [], [], [], []]",75.22134901404169
2014-08-21,Meta,74.56999969482422,"[[], [], [], [], [], [], [], [], [], [], [], [], [], [], [], [], [], [], [], [], [], [], [], [], []]",74.98560173317152
2014-08-22,Meta,74.56999969482422,"[[], [], [], [], [], [], [], [], [], [], [], [], [], [], [], [], [], [], [], [], [], [], [], [], []]",74.64186640985565
2014-08-25,Meta,75.0199966430664,"[[], [], [], [], [], [], [], [], [], [], [], [], [], [], [], [], [], [], [], [], [], [], [], [], []]",74.41373512526101
2014-08-26,Meta,75.95999908447266,"[[], [], [], [], [], [], [], [], [], [], [], [], [], [], [], [], [], [], [], [], [], [], [], [], []]",75.2222643983374
2014-08-27,Meta,74.62999725341797,"[[], [], [], [], [], [], [], [], [], [], [], [], [], [], [], [], [], [], [], [], [], [], [], [], []]",75.85438455957073
2014-08-28,Meta,73.86000061035156,"[[], [], [], [], [], [], [], [], [], [], [], [], [], [], [], [], [], [], [], [], [], [], [], [], []]",74.95564198956392
2014-08-29,Meta,74.81999969482422,"[[], [], [], [], [], [], [], [], [], [], [], [], [], [], [], [], [], [], [], [], [], [], [], [], []]",73.61620443509236
2014-09-02,Meta,76.68000030517578,"[[], [], [], [], [], [], [], [], [], [], [], [], [], [], [], [], [], [], [], [], [], [], [], [], []]",74.92318883871619
2014-09-03,Meta,75.83000183105469,"[[], [], [], [], [], [], [], [], [], [], [], [], [], [], [], [], [], [], [], [], [], [], [], [], []]",76.74297716988563
2014-09-04,Meta,75.94999694824219,"[[], [], [], [], [], [], [], [], [], [], [], [], [], [], [], [], [], [], [], [], [], [], [], [], []]",76.03242729591109
2014-09-05,Meta,77.26000213623047,"[[], [], [], [], [], [], [], [], [], [], [], [], [], [], [], [], [], [], [], [], [], [], [], [], []]",75.94241932896031
2014-09-08,Meta,77.88999938964844,"[[], [], [], [], [], [], [], [], [], [], [], [], [], [], [], [], [], [], [], [], [], [], [], [], []]",77.24753741483198
2014-09-09,Meta,76.66999816894531,"[[], [], [], [], [], [], [], [], [], [], [], [], [], [], [], [], [], [], [], [], [], [], [], [], []]",78.19162110309185
2014-09-10,Meta,77.43000030517578,"[[], [], [], [], [], [], [], [], [], [], [], [], [], [], [], [], [], [], [], [], [], [], [], [], []]",76.80005307734329
2014-09-11,Meta,77.91999816894531,"[[], [], [], [], [], [], [], [], [], [], [], [], [], [], [], [], [], [], [], [], [], [], [], [], []]",77.13343846873322
2014-09-12,Meta,77.4800033569336,"[[], [], [], [], [], [], [], [], [], [], [], [], [], [], [], [], [], [], [], [], [], [], [], [], []]",78.04764246234156
2014-09-15,Meta,74.58000183105469,"[[], [], [], [], [], [], [], [], [], [], [], [], [], [], [], [], [], [], [], [], [], [], [], [], []]",77.98526158128051
2014-09-16,Meta,76.08000183105469,"[[], [], [], [], [], [], [], [], [], [], [], [], [], [], [], [], [], [], [], [], [], [], [], [], []]",74.67603631093998
2014-09-17,Meta,76.43000030517578,"[[], [], [], [], [], [], [], [], [], [], [], [], [], [], [], [], [], [], [], [], [], [], [], [], []]",75.94517331691681
2014-09-18,Meta,77.0,"[[], [], [], [], [], [], [], [], [], [], [], [], [], [], [], [], [], [], [], [], [], [], [], [], []]",76.4868929066851
2014-09-19,Meta,77.91000366210938,"[[], [], [], [], [], [], [], [], [], [], [], [], [], [], [], [], [], [], [], [], [], [], [], [], []]",77.50348918782457
2014-09-22,Meta,76.80000305175781,"[[], [], [], [], [], [], [], [], [], [], [], [], [], [], [], [], [], [], [], [], [], [], [], [], []]",77.57857766021384
2014-09-23,Meta,78.29000091552734,"[[], [], [], [], [], [], [], [], [], [], [], [], [], [], [], [], [], [], [], [], [], [], [], [], []]",76.77698376996437
2014-09-24,Meta,78.54000091552734,"[[], [], [], [], [], [], [], [], [], [], [], [], [], [], [], [], [], [], [], [], [], [], [], [], []]",78.41453524390201
2014-09-25,Meta,77.22000122070312,"[[], [], [], [], [], [], [], [], [], [], [], [], [], [], [], [], [], [], [], [], [], [], [], [], []]",78.65053400225372
2014-09-26,Meta,78.79000091552734,"[[], [], [], [], [], [], [], [], [], [], [], [], [], [], [], [], [], [], [], [], [], [], [], [], []]",77.07691889933587
2014-09-29,Meta,79.0,"[[], [], [], [], [], [], [], [], [], [], [], [], [], [], [], [], [], [], [], [], [], [], [], [], []]",78.79961468778848
2014-09-30,Meta,79.04000091552734,"[[], [], [], [], [], [], [], [], [], [], [], [], [], [], [], [], [], [], [], [], [], [], [], [], []]",79.30346662434462
2014-10-01,Meta,76.55000305175781,"[[], [], [], [], [], [], [], [], [], [], [], [], [], [], [], [], [], [], [], [], [], [], [], [], []]",79.50392138643146
2014-10-02,Meta,77.08000183105469,"[[], [], [], [], [], [], [], [], [], [], [], [], [], [], [], [], [], [], [], [], [], [], [], [], []]",76.1968259377785
2014-10-03,Meta,77.44000244140625,"[[], [], [], [], [], [], [], [], [], [], [], [], [], [], [], [], [], [], [], [], [], [[{'label': 'positive', 'score': 0.20092031359672546}, {'label': 'neutral', 'score': 0.15690907835960388}, {'label': 'negative', 'score': 0.6421706080436707}]], [], [], []]",77.15411207445277
2014-10-06,Meta,77.55999755859375,"[[], [], [], [], [], [], [], [], [], [], [], [], [], [], [], [], [], [], [], [], [], [], [], [], []]",77.42881834901492
2014-10-07,Meta,76.29000091552734,"[[], [], [], [], [], [], [], [], [], [], [], [], [], [], [], [], [], [], [], [], [], [], [], [], []]",78.01751812096616
2014-10-08,Meta,77.5199966430664,"[[], [], [], [], [], [], [], [], [], [], [], [], [], [], [], [], [], [], [], [], [], [], [], [], []]",76.17974379538205
2014-10-09,Meta,75.91000366210938,"[[], [], [], [], [], [], [], [], [], [], [], [], [], [], [], [], [], [], [], [], [], [], [], [], []]",77.43443082342205
2014-10-10,Meta,72.91000366210938,"[[], [], [], [], [], [], [], [], [], [], [], [], [], [], [], [], [], [], [], [], [], [], [], [], []]",76.06433694610585
2014-10-13,Meta,72.98999786376953,"[[], [], [], [], [], [], [], [], [], [], [], [], [], [], [], [], [], [], [], [], [], [], [], [], []]",73.38744970000829
2014-10-14,Meta,73.58999633789062,"[[], [], [], [], [], [], [], [], [], [], [], [], [], [], [], [], [], [], [], [], [], [], [], [], []]",72.39774830287261
2014-10-15,Meta,73.20999908447266,"[[], [], [], [], [], [], [], [], [], [], [], [], [], [], [], [], [], [], [], [], [], [], [], [], []]",73.97172171727856
2014-10-16,Meta,72.62999725341797,"[[], [], [], [], [], [], [], [], [], [], [], [], [], [], [], [], [], [], [], [], [], [], [], [], []]",73.4219422932362
2014-10-17,Meta,75.94999694824219,"[[], [], [], [], [], [], [], [], [], [], [], [], [], [], [], [], [], [], [], [], [], [], [], [], []]",72.96470104805037
2014-10-20,Meta,76.94999694824219,"[[], [], [], [], [], [], [], [], [], [], [], [], [], [], [], [], [], [], [], [], [], [], [], [], []]",75.28650014970879
2014-10-21,Meta,78.69000244140625,"[[], [], [], [], [], [], [], [], [], [], [], [], [[{'label': 'positive', 'score': 0.2886452078819275}, {'label': 'neutral', 'score': 0.1326204091310501}, {'label': 'negative', 'score': 0.5787343978881836}]], [], [], [], [], [], [], [], [], [], [], [], []]",76.97527924072192
2014-10-22,Meta,78.37000274658203,"[[], [], [], [], [], [], [], [], [], [], [], [], [], [], [], [], [], [], [], [], [], [], [], [], []]",78.73427629056316
2014-10-23,Meta,80.04000091552734,"[[], [], [], [], [], [], [], [], [], [], [], [], [], [], [], [], [], [], [], [], [], [], [], [], []]",77.79207960076799
2014-10-24,Meta,80.66999816894531,"[[], [], [], [], [], [], [], [], [], [], [], [], [], [], [], [], [], [], [], [], [], [], [], [], []]",79.83540839986202
2014-10-27,Meta,80.27999877929688,"[[], [], [], [], [], [], [], [], [], [], [], [], [], [], [], [], [], [], [], [], [], [], [], [], []]",80.91832467785818
2014-10-28,Meta,80.7699966430664,"[[], [], [], [], [], [], [], [], [], [], [], [], [], [], [], [], [], [], [], [], [], [], [], [], []]",80.65408685034366
2014-10-29,Meta,75.86000061035156,"[[], [], [], [], [], [], [], [], [], [], [], [], [], [], [], [], [], [], [], [], [], [], [], [], []]",80.62086011365594
2014-10-30,Meta,74.11000061035156,"[[], [], [], [], [], [], [], [], [], [], [], [], [], [], [], [], [], [], [], [], [], [], [], [], []]",76.04146993562819
2014-10-31,Meta,74.98999786376953,"[[], [], [], [], [], [], [], [], [], [], [], [], [], [], [], [], [], [], [], [], [], [], [], [], []]",74.6359199265738
2014-11-03,Meta,73.87999725341797,"[[], [], [], [], [], [], [], [], [], [], [], [], [], [], [], [], [], [], [], [], [], [], [[{'label': 'positive', 'score': 0.1691778600215912}, {'label': 'neutral', 'score': 0.10377617180347443}, {'label': 'negative', 'score': 0.727046012878418}]], [], []]",75.03846376318774
2014-11-04,Meta,75.76000213623047,"[[], [], [], [], [], [], [], [], [], [], [], [], [], [], [], [], [], [], [], [], [], [], [], [], []]",74.328725360243
2014-11-05,Meta,74.83000183105469,"[[], [], [], [], [], [], [], [], [], [], [], [], [], [], [], [], [], [], [], [], [], [], [], [], []]",75.65570832667554
2014-11-06,Meta,75.26000213623047,"[[], [], [], [], [], [], [], [], [], [], [], [], [], [], [], [], [], [], [], [], [], [], [], [], []]",74.9754289580635
2014-11-07,Meta,75.5999984741211,"[[], [], [], [], [], [[{'label': 'positive', 'score': 0.19832947850227356}, {'label': 'neutral', 'score': 0.08063144981861115}, {'label': 'negative', 'score': 0.7210390567779541}]], [], [], [], [], [], [], [], [], [], [[{'label': 'positive', 'score': 0.16447338461875916}, {'label': 'neutral', 'score': 0.0841517448425293}, {'label': 'negative', 'score': 0.7513749003410339}]], [], [], [], [], [], [], [], [], []]",75.37335209626652
2014-11-10,Meta,75.0,"[[], [], [], [], [], [], [], [], [], [], [], [], [], [], [], [], [], [], [], [], [], [], [], [], []]",75.53470120376421
2014-11-11,Meta,74.61000061035156,"[[], [], [], [], [], [], [], [], [], [], [], [], [], [], [], [], [], [], [], [], [], [], [], [], []]",74.88975401636839
2014-11-12,Meta,74.72000122070312,"[[], [], [], [], [], [], [], [], [], [], [], [], [], [], [], [], [], [], [], [], [], [], [], [], []]",74.53068118177194
2014-11-13,Meta,74.25,"[[], [], [], [], [], [], [], [], [], [], [], [], [], [], [], [], [], [], [], [], [], [], [], [], []]",74.88246128502368
2014-11-14,Meta,74.87999725341797,"[[], [], [], [], [], [], [], [], [], [], [], [], [], [], [], [], [], [], [], [], [], [], [], [], []]",74.75773197802823
2014-11-17,Meta,74.23999786376953,"[[], [], [], [], [], [], [], [], [], [], [], [], [], [], [], [], [], [], [], [], [], [], [], [], []]",74.99341746035178
2014-11-18,Meta,74.33999633789062,"[[], [], [], [], [], [], [], [], [], [], [], [], [], [], [], [], [], [], [], [], [], [], [], [], []]",74.02907529416777
2014-11-19,Meta,73.33000183105469,"[[], [], [], [], [], [], [], [], [], [], [], [], [], [], [], [], [], [], [], [], [], [], [], [], []]",74.41532129944294
2014-11-20,Meta,73.5999984741211,"[[], [], [], [], [], [], [], [], [], [], [], [], [], [], [], [], [], [], [], [], [], [], [], [], []]",72.65280149013671
2014-11-21,Meta,73.75,"[[], [], [], [], [], [], [], [], [], [], [], [], [], [], [], [], [], [], [], [], [], [], [], [], []]",74.01885971971488
2014-11-24,Meta,74.01000213623047,"[[], [], [], [], [], [], [], [], [], [], [], [], [], [], [], [], [], [], [], [], [], [], [], [], []]",73.49429649184842
2014-11-25,Meta,75.62999725341797,"[[], [], [], [], [], [], [], [], [], [], [[{'label': 'positive', 'score': 0.048352185636758804}, {'label': 'neutral', 'score': 0.03622845932841301}, {'label': 'negative', 'score': 0.915419340133667}]], [], [], [], [], [], [], [], [], [], [], [], [], [], []]",74.22842745639134
2014-11-26,Meta,77.62000274658203,"[[], [], [], [], [], [], [], [], [], [], [], [], [], [], [], [[{'label': 'positive', 'score': 0.15283657610416412}, {'label': 'neutral', 'score': 0.10870270431041718}, {'label': 'negative', 'score': 0.7384607195854187}]], [], [], [], [], [], [], [], [], []]",75.40298334607256
2014-11-28,Meta,77.69999694824219,"[[], [], [], [], [], [], [], [], [], [], [], [[{'label': 'positive', 'score': 0.3178479075431824}, {'label': 'neutral', 'score': 0.22196535766124725}, {'label': 'negative', 'score': 0.46018674969673157}]], [], [], [], [], [], [], [], [], [], [], [], [], []]",77.5447796145716
2014-12-01,Meta,75.0999984741211,"[[], [], [], [], [], [], [], [], [], [], [], [], [], [], [], [], [], [], [], [], [], [], [], [], []]",77.86915925782822
2014-12-02,Meta,75.45999908447266,"[[], [], [], [], [], [], [], [], [], [], [], [], [], [], [], [], [], [], [], [], [], [], [], [], []]",74.98973032617432
2014-12-03,Meta,74.87999725341797,"[[], [], [], [], [], [], [], [], [], [], [], [], [], [], [], [], [], [], [], [], [], [[{'label': 'positive', 'score': 0.333204060792923}, {'label': 'neutral', 'score': 0.26255956292152405}, {'label': 'negative', 'score': 0.404236376285553}]], [], [], []]",75.37282663971442
2014-12-04,Meta,75.23999786376953,"[[], [], [], [], [], [], [], [], [], [], [], [], [], [], [], [], [], [], [], [], [], [], [], [], []]",75.18043135440357
2014-12-05,Meta,76.36000061035156,"[[], [], [], [], [], [], [], [], [], [], [], [], [], [], [], [], [], [], [], [], [], [], [], [], []]",75.52896787725483
2014-12-08,Meta,76.5199966430664,"[[], [], [], [], [], [], [], [], [], [], [], [], [], [], [], [], [], [], [], [], [], [], [], [], []]",76.76650602474042
2014-12-09,Meta,76.83999633789062,"[[], [], [], [[{'label': 'positive', 'score': 0.16410115361213684}, {'label': 'neutral', 'score': 0.15236134827136993}, {'label': 'negative', 'score': 0.6835375428199768}]], [], [], [], [], [], [], [], [], [], [], [], [], [], [], [], [], [], [], [], [], []]",76.63462063120292
2014-12-10,Meta,76.18000030517578,"[[], [], [], [], [], [], [], [], [], [], [], [], [], [], [], [], [], [], [], [], [], [], [], [], []]",76.92173950360419
2014-12-11,Meta,77.7300033569336,"[[], [], [], [], [], [], [], [], [], [], [], [], [], [], [], [], [], [], [], [], [], [], [], [], []]",75.99599026252285
2014-12-12,Meta,77.83000183105469,"[[], [], [], [], [], [], [], [], [], [], [], [], [], [], [], [], [], [], [], [], [], [], [], [], []]",77.51760965896695
2014-12-15,Meta,76.98999786376953,"[[], [], [], [], [], [], [], [], [], [], [], [], [], [], [], [], [], [], [], [], [], [], [], [], []]",77.70673904337745
2014-12-16,Meta,74.69000244140625,"[[], [], [], [], [], [], [], [], [], [], [], [], [], [], [], [], [], [], [], [], [], [], [], [], []]",77.47494497722039
2014-12-17,Meta,76.11000061035156,"[[], [], [], [], [], [], [], [], [], [], [], [], [], [], [], [], [], [], [], [], [], [], [], [], []]",74.89199847866601
2014-12-18,Meta,78.4000015258789,"[[], [], [], [], [], [], [], [], [], [], [], [], [], [], [], [], [], [], [], [], [], [], [], [], []]",76.3707195840128
2014-12-19,Meta,79.87999725341797,"[[], [], [], [], [], [], [], [], [], [], [], [], [], [], [], [], [], [], [], [], [], [], [], [], []]",78.49785910483062
2014-12-22,Meta,81.44999694824219,"[[], [], [], [], [], [], [], [], [], [], [], [], [], [], [], [], [], [], [], [], [], [], [], [], []]",80.06040229878056
2014-12-23,Meta,80.61000061035156,"[[], [], [], [], [], [], [], [], [], [], [], [], [], [], [], [], [], [], [], [], [], [], [], [], []]",80.93707125235001
2014-12-24,Meta,80.7699966430664,"[[], [], [], [], [], [], [], [], [], [], [], [], [], [], [], [], [], [], [], [], [], [], [], [], []]",80.6601402268447
2014-12-26,Meta,80.77999877929688,"[[], [], [], [], [], [], [], [], [], [], [], [], [], [], [], [], [], [], [], [], [], [], [], [], []]",80.8145710192947
2014-12-29,Meta,80.0199966430664,"[[], [], [], [], [], [], [], [], [], [], [], [], [], [], [], [], [], [], [], [], [], [], [], [], []]",80.9548423437277
2014-12-30,Meta,79.22000122070312,"[[], [], [], [], [], [], [], [], [], [], [], [], [], [], [], [], [], [], [], [], [], [], [], [], []]",80.02349208279195
2014-12-31,Meta,78.0199966430664,"[[], [], [], [], [], [], [], [], [[{'label': 'positive', 'score': 0.2764081060886383}, {'label': 'neutral', 'score': 0.17470763623714447}, {'label': 'negative', 'score': 0.5488842725753784}]], [], [], [], [], [], [], [], [], [], [], [], [], [], [], [], []]",79.44897204019145
2015-01-02,Meta,78.44999694824219,"[[], [], [], [], [], [], [], [], [], [], [], [], [], [], [], [], [], [], [], [], [], [], [], [], []]",78.55971148228143
2015-01-05,Meta,77.19000244140625,"[[], [], [], [], [], [], [], [], [], [], [], [], [], [], [], [], [], [], [], [], [], [], [], [], []]",78.78530148239793
2015-01-06,Meta,76.1500015258789,"[[], [], [], [], [], [], [], [], [], [], [], [], [], [], [], [], [], [], [], [], [], [], [], [], []]",77.298582771923
2015-01-07,Meta,76.1500015258789,"[[], [], [], [], [], [], [], [], [], [], [], [], [], [], [], [], [], [], [], [], [], [], [], [], []]",75.86349212504358
2015-01-08,Meta,78.18000030517578,"[[], [], [], [], [], [], [], [], [], [], [], [], [], [], [], [], [], [], [], [], [], [], [], [[{'label': 'positive', 'score': 0.27592140436172485}, {'label': 'neutral', 'score': 0.24837283790111542}, {'label': 'negative', 'score': 0.4757057726383209}]], []]",76.05765999601628
2015-01-09,Meta,77.73999786376953,"[[], [], [], [], [], [], [], [], [], [], [], [], [], [], [], [], [], [], [], [], [], [], [], [], []]",78.37024487602102
2015-01-12,Meta,76.72000122070312,"[[], [], [[{'label': 'positive', 'score': 0.4583851099014282}, {'label': 'neutral', 'score': 0.23463968932628632}, {'label': 'negative', 'score': 0.30697521567344666}]], [], [], [], [], [], [], [], [], [], [], [], [], [], [], [], [], [], [], [], [], [], []]",78.05353726076387
2015-01-13,Meta,76.44999694824219,"[[], [], [], [], [], [], [], [], [], [], [], [], [], [], [], [], [], [], [], [], [], [], [], [], []]",76.77682492406461
2015-01-14,Meta,76.27999877929688,"[[], [], [], [], [], [], [], [], [], [], [], [], [], [], [], [], [], [], [], [], [], [], [], [], []]",76.16061326002718
2015-01-15,Meta,74.05000305175781,"[[], [], [], [], [], [], [], [], [], [], [], [], [], [], [], [], [], [], [], [], [], [], [], [], []]",76.48091331959516
2015-01-16,Meta,75.18000030517578,"[[], [], [], [], [], [], [], [], [], [], [], [], [], [], [], [], [], [], [], [], [], [], [], [], []]",74.03552678600938
2015-01-20,Meta,76.23999786376953,"[[], [], [], [], [], [], [], [], [], [], [], [], [], [], [], [], [], [], [], [], [], [], [], [], []]",75.35244458259272
2015-01-21,Meta,76.73999786376953,"[[], [], [], [], [], [], [], [], [], [], [], [], [], [], [], [], [], [], [], [], [], [], [], [], []]",75.97695751215919
2015-01-22,Meta,77.6500015258789,"[[], [], [], [], [], [], [], [], [], [], [], [], [], [], [], [], [], [], [], [], [], [], [], [], []]",77.14756342231027
2015-01-23,Meta,77.83000183105469,"[[], [], [], [], [], [], [], [], [], [], [], [], [], [], [], [], [], [], [], [], [], [], [], [], []]",77.27829964850274
2015-01-26,Meta,77.5,"[[], [], [], [], [], [], [], [], [], [], [], [], [], [], [], [], [], [], [], [], [], [], [], [], []]",77.58815058357631
2015-01-27,Meta,75.77999877929688,"[[], [], [], [], [], [], [], [], [], [], [], [], [], [], [], [], [], [], [], [], [], [], [], [], []]",77.42797112924733
2015-01-28,Meta,76.23999786376953,"[[], [], [], [], [], [], [], [], [], [], [], [], [], [], [], [], [], [], [], [], [], [], [], [], []]",75.8232230151575
2015-01-29,Meta,78.0,"[[], [], [], [], [], [], [], [], [], [], [], [], [], [], [], [], [], [], [], [], [], [], [], [], []]",76.19906522955559
2015-01-30,Meta,75.91000366210938,"[[], [], [], [], [], [], [], [], [], [], [], [], [], [], [], [], [], [], [], [], [], [], [], [], []]",78.01095440721309
2015-02-02,Meta,74.98999786376953,"[[], [], [], [], [], [], [], [], [], [], [], [], [], [], [], [], [], [], [], [], [], [], [], [], []]",76.36787103065441
2015-02-03,Meta,75.4000015258789,"[[], [], [], [], [], [], [], [], [], [], [], [], [], [], [], [], [], [], [], [], [], [], [], [], []]",75.24287143897585
2015-02-04,Meta,75.62999725341797,"[[], [], [], [], [], [], [], [], [], [], [], [], [], [], [], [], [], [], [], [], [], [], [], [], []]",75.07823397709568
2015-02-05,Meta,75.61000061035156,"[[], [], [], [], [], [], [], [], [], [], [], [], [], [], [], [], [], [], [], [], [], [], [], [], []]",75.88367118505491
2015-02-06,Meta,74.47000122070312,"[[], [], [], [], [], [], [], [], [], [], [], [], [], [], [], [], [], [], [], [], [], [], [], [], []]",75.60512803066854
2015-02-09,Meta,74.44000244140625,"[[], [], [], [], [], [], [], [], [], [], [], [], [], [], [], [], [], [], [], [], [], [], [], [], []]",74.51069108681811
2015-02-10,Meta,75.19000244140625,"[[], [], [], [], [], [], [], [], [], [], [], [], [], [], [], [], [], [], [], [], [], [], [], [], []]",74.4361463946325
2015-02-11,Meta,76.51000213623047,"[[], [], [], [], [], [], [], [], [], [], [], [], [], [], [], [], [], [], [], [], [], [], [], [], []]",75.5395151701263
2015-02-12,Meta,76.2300033569336,"[[], [], [], [], [], [], [], [], [], [], [], [], [], [], [], [], [], [], [], [], [], [], [], [], []]",76.64004799448257
2015-02-13,Meta,75.73999786376953,"[[], [], [], [], [], [], [], [], [], [], [], [], [], [], [], [], [], [], [], [], [], [], [], [], []]",76.11299120279374
2015-02-17,Meta,75.5999984741211,"[[], [], [], [], [], [], [], [], [], [], [], [], [], [], [], [], [], [], [], [], [], [], [], [], []]",75.48175826667605
2015-02-18,Meta,76.70999908447266,"[[], [], [], [], [], [], [], [], [], [], [], [], [], [], [], [], [], [], [], [], [], [], [], [], []]",75.81326255455149
2015-02-19,Meta,79.41999816894531,"[[], [], [], [], [], [], [], [], [], [], [], [], [], [], [], [], [], [], [], [], [], [], [], [], []]",76.65695056427651
2015-02-20,Meta,79.9000015258789,"[[], [], [], [], [], [], [], [], [], [], [], [], [], [], [], [], [], [], [], [], [], [], [], [], []]",79.54842745238837
2015-02-23,Meta,78.83999633789062,"[[], [], [], [], [], [], [], [], [], [], [], [], [], [], [], [], [], [], [], [], [], [], [], [], []]",79.7951163417982
2015-02-24,Meta,78.44999694824219,"[[], [], [], [], [], [], [], [], [], [], [], [], [], [], [], [], [], [], [], [], [], [], [], [], []]",78.86531252204155
2015-02-25,Meta,79.55999755859375,"[[], [], [], [], [], [], [], [], [], [], [], [], [], [], [], [], [], [], [], [], [], [], [], [], []]",78.55276069031414
2015-02-26,Meta,80.41000366210938,"[[], [], [], [], [], [], [], [], [], [], [], [], [], [], [], [], [], [], [], [], [], [], [], [], []]",79.62640289974561
2015-02-27,Meta,78.97000122070312,"[[], [], [], [], [], [], [], [], [], [], [], [], [], [], [], [], [], [], [], [], [], [], [], [], []]",80.49555532398458
2015-03-02,Meta,79.75,"[[], [], [], [], [], [], [], [], [], [], [], [], [], [], [], [], [], [], [], [], [], [], [], [], []]",78.99726669404787
2015-03-03,Meta,79.5999984741211,"[[], [], [], [], [], [], [], [], [], [], [], [], [], [], [], [], [], [], [], [], [], [], [], [], []]",79.82699923475418
2015-03-04,Meta,80.9000015258789,"[[], [[{'label': 'positive', 'score': 0.41067877411842346}, {'label': 'neutral', 'score': 0.1687515377998352}, {'label': 'negative', 'score': 0.42056968808174133}]], [], [], [], [], [], [], [], [], [], [], [], [], [], [], [], [], [], [], [], [], [], [], []]",79.96520711135021
2015-03-05,Meta,81.20999908447266,"[[], [], [], [], [], [], [], [], [], [], [], [], [], [], [], [], [], [], [], [], [], [], [], [], []]",81.24656227479052
2015-03-06,Meta,80.01000213623047,"[[], [], [], [], [], [], [], [], [], [], [], [], [], [], [], [], [], [], [], [], [], [], [], [], []]",81.16491465339163
2015-03-09,Meta,79.44000244140625,"[[], [], [], [], [], [], [], [], [], [], [], [], [], [], [], [], [], [], [], [], [], [], [], [], []]",79.85919626960197
2015-03-10,Meta,77.55000305175781,"[[], [], [], [], [], [], [], [], [], [], [], [], [], [], [], [], [], [], [], [], [], [], [], [], []]",79.46523115441202
2015-03-11,Meta,77.56999969482422,"[[], [], [], [], [], [], [], [], [], [], [], [], [], [], [], [], [], [], [], [], [], [], [], [], []]",78.09776649529225
2015-03-12,Meta,78.93000030517578,"[[], [], [], [], [], [], [], [], [], [], [], [], [[{'label': 'positive', 'score': 0.19953376054763794}, {'label': 'neutral', 'score': 0.11862816661596298}, {'label': 'negative', 'score': 0.6818380355834961}]], [], [], [], [], [], [], [], [], [], [], [], []]",77.94397623331626
2015-03-13,Meta,78.05000305175781,"[[], [], [], [], [], [], [], [], [], [], [], [], [], [], [], [], [], [], [], [], [], [], [], [], []]",78.92723371624517
2015-03-16,Meta,78.06999969482422,"[[], [], [], [], [], [], [], [], [], [], [], [], [], [], [], [], [], [], [], [], [], [], [], [], []]",78.1062552201505
2015-03-17,Meta,79.36000061035156,"[[], [], [], [], [], [], [], [], [], [], [], [], [], [[{'label': 'positive', 'score': 0.3560448884963989}, {'label': 'neutral', 'score': 0.19016405940055847}, {'label': 'negative', 'score': 0.4537910521030426}]], [], [], [], [], [], [], [], [], [], [], []]",78.23782342045415
2015-03-18,Meta,80.91000366210938,"[[], [], [], [], [], [], [], [], [], [], [], [], [], [], [], [], [], [], [], [], [], [], [], [], []]",79.14754038061866
2015-03-19,Meta,82.75,"[[], [], [], [], [], [], [], [], [], [], [], [], [], [], [], [], [], [], [], [], [], [], [], [], []]",81.0495695232271
2015-03-20,Meta,83.80000305175781,"[[], [], [], [], [], [], [], [], [], [], [], [], [], [], [], [], [], [], [], [], [], [], [], [], []]",82.44190206206852
2015-03-23,Meta,84.43000030517578,"[[], [], [], [], [], [], [], [], [], [], [], [], [], [], [], [], [], [], [], [], [], [], [], [], []]",83.48845621352658
2015-03-24,Meta,85.30999755859375,"[[], [], [], [], [], [], [], [], [], [], [], [], [], [], [], [], [], [], [], [], [], [], [], [], []]",84.46442493472324
2015-03-25,Meta,82.91999816894531,"[[], [], [], [], [], [], [], [], [], [], [], [], [], [], [], [], [], [], [], [], [], [], [], [], []]",85.47371874743789
2015-03-26,Meta,83.01000213623047,"[[], [], [], [], [], [], [], [], [], [], [], [], [], [], [], [], [], [], [], [], [], [], [], [], []]",83.29198156597373
2015-03-27,Meta,83.30000305175781,"[[], [], [], [], [], [], [], [], [], [], [], [], [], [], [], [], [], [], [], [], [], [[{'label': 'positive', 'score': 0.18781951069831848}, {'label': 'neutral', 'score': 0.18337275087833405}, {'label': 'negative', 'score': 0.6288077235221863}]], [], [], []]",82.89337882903706
2015-03-30,Meta,83.19999694824219,"[[], [], [], [], [], [], [], [], [], [], [], [], [], [], [], [], [], [], [], [], [], [], [], [], []]",83.14326279950032
2015-03-31,Meta,82.22000122070312,"[[], [], [], [], [], [], [], [], [], [], [], [], [], [], [], [], [], [], [], [], [], [], [], [], []]",83.8025377142085
2015-04-01,Meta,81.66999816894531,"[[], [], [], [], [], [], [], [], [], [], [], [], [], [], [], [], [], [], [], [], [], [], [], [], []]",82.37462118885975
2015-04-02,Meta,81.55999755859375,"[[], [], [], [], [], [], [], [], [], [], [], [], [], [], [], [], [], [], [], [], [], [], [], [], []]",81.96038997718976
2015-04-06,Meta,82.44000244140625,"[[], [], [], [], [], [], [], [], [], [], [], [], [], [], [], [], [], [], [], [], [], [], [], [], []]",81.37823154626783
2015-04-07,Meta,82.31999969482422,"[[], [], [], [], [], [], [], [], [], [], [], [], [], [], [], [], [], [], [], [], [], [], [], [], []]",82.59787025115774
2015-04-08,Meta,82.27999877929688,"[[], [], [], [], [], [], [], [], [], [], [], [], [[{'label': 'positive', 'score': 0.2362215518951416}, {'label': 'neutral', 'score': 0.09493236243724823}, {'label': 'negative', 'score': 0.6688461303710938}]], [], [], [], [], [], [], [], [], [], [], [], []]",82.34536970485593
2015-04-09,Meta,82.16999816894531,"[[], [], [], [], [], [], [], [], [], [], [], [], [], [], [], [], [], [], [], [], [], [], [], [], []]",82.39101992412404
2015-04-10,Meta,82.04000091552734,"[[], [], [], [], [], [], [], [], [], [], [], [], [], [], [], [], [], [], [], [], [], [], [], [], []]",82.31135355184206
2015-04-13,Meta,83.01000213623047,"[[], [], [], [], [], [], [], [], [], [], [], [], [], [], [], [], [], [], [], [], [], [], [], [], []]",82.37164526808803
2015-04-14,Meta,83.5199966430664,"[[], [], [], [], [], [], [], [], [], [], [], [], [], [], [], [], [], [], [], [], [], [], [], [], []]",82.8605773640313
2015-04-15,Meta,82.70999908447266,"[[], [], [], [], [], [], [], [], [], [], [], [], [], [], [], [], [], [], [], [], [], [], [], [], []]",83.54739414484871
2015-04-16,Meta,82.30999755859375,"[[], [], [], [], [], [], [], [], [], [], [], [], [], [], [], [], [], [], [], [], [], [], [], [], []]",82.76936919417751
2015-04-17,Meta,80.77999877929688,"[[], [], [], [], [], [], [], [], [], [], [], [], [], [], [], [], [], [], [], [], [], [], [], [], []]",82.4409087995178
2015-04-20,Meta,83.08999633789062,"[[], [], [], [], [], [], [], [], [], [], [], [], [], [], [], [], [], [], [], [], [], [], [], [], []]",80.84891426553483
2015-04-21,Meta,83.62000274658203,"[[], [], [], [], [], [], [], [], [], [], [], [], [], [], [], [], [], [], [], [], [], [], [], [], []]",83.00175938441372
2015-04-22,Meta,84.62999725341797,"[[], [], [], [], [], [], [], [], [], [], [], [], [], [], [], [], [], [], [], [], [], [], [], [], []]",83.54809179412032
2015-04-23,Meta,82.41000366210938,"[[], [], [], [], [], [], [], [], [], [], [], [], [], [], [], [], [], [], [], [], [], [], [], [], []]",84.8010931035545
2015-04-24,Meta,81.52999877929688,"[[], [], [], [], [], [], [], [], [], [], [], [], [], [], [], [], [], [], [], [], [], [], [], [], []]",82.12489619774306
2015-04-27,Meta,81.91000366210938,"[[], [], [], [], [], [], [], [], [], [], [], [], [], [], [], [], [], [], [], [], [], [], [], [], []]",81.77278786902218
2015-04-28,Meta,80.68000030517578,"[[], [], [], [], [], [], [], [], [], [], [], [], [], [], [], [], [], [], [], [], [], [], [], [], []]",81.70624027331513
2015-04-29,Meta,80.47000122070312,"[[], [], [], [], [], [], [], [], [], [], [], [], [], [], [], [], [], [], [], [], [], [], [], [], []]",81.01661506280021
2015-04-30,Meta,78.7699966430664,"[[], [], [], [], [], [], [], [], [], [], [], [], [], [], [], [], [], [], [], [], [], [], [], [], []]",80.36712468979887
2015-05-01,Meta,78.98999786376953,"[[], [], [], [], [], [], [], [], [], [], [], [], [], [], [], [], [], [], [], [], [], [], [], [], []]",79.09071669378207
2015-05-04,Meta,78.80999755859375,"[[], [], [], [], [], [], [], [], [], [], [], [], [], [], [], [], [], [], [], [], [], [], [], [], []]",79.31460061302073
2015-05-05,Meta,77.55999755859375,"[[], [], [], [], [], [], [], [], [], [], [], [], [], [], [], [], [], [], [], [], [], [], [], [], []]",79.078418343011
2015-05-06,Meta,78.0999984741211,"[[], [], [], [], [], [], [], [], [], [], [], [], [], [], [], [], [], [], [], [], [], [], [], [], []]",77.19239023079874
2015-05-07,Meta,78.43000030517578,"[[], [], [], [], [], [], [], [], [], [], [], [], [], [], [], [], [], [], [], [], [], [], [], [], []]",77.9061391605667
2015-05-08,Meta,78.51000213623047,"[[], [], [], [], [], [[{'label': 'positive', 'score': 0.05041886493563652}, {'label': 'neutral', 'score': 0.04981704428792}, {'label': 'negative', 'score': 0.8997641205787659}]], [], [], [], [], [], [], [[{'label': 'positive', 'score': 0.21842007339000702}, {'label': 'neutral', 'score': 0.13459211587905884}, {'label': 'negative', 'score': 0.6469878554344177}]], [], [], [], [], [], [], [], [[{'label': 'positive', 'score': 0.29997867345809937}, {'label': 'neutral', 'score': 0.16810981929302216}, {'label': 'negative', 'score': 0.5319114923477173}]], [], [], [], []]",78.39072163623673
2015-05-11,Meta,78.01000213623047,"[[], [], [], [], [], [], [], [], [], [], [], [], [], [], [], [], [], [], [], [], [], [], [], [], []]",78.89972529512771
2015-05-12,Meta,77.45999908447266,"[[], [], [], [], [], [], [], [], [], [], [], [], [], [], [], [], [], [], [[{'label': 'positive', 'score': 0.3321690559387207}, {'label': 'neutral', 'score': 0.18890826404094696}, {'label': 'negative', 'score': 0.47892266511917114}]], [], [], [], [], [], []]",77.92302711255849
2015-05-13,Meta,78.44000244140625,"[[], [], [], [], [], [], [], [], [], [], [], [], [], [], [], [], [], [], [], [], [], [], [], [], []]",77.24659009080337
2015-05-14,Meta,81.37000274658203,"[[], [], [], [], [], [], [], [], [], [], [], [], [], [], [], [], [], [], [], [], [], [], [], [], []]",78.40614268321498
2015-05-15,Meta,80.41999816894531,"[[], [], [], [], [], [], [], [], [], [], [], [], [], [], [], [], [], [], [], [], [], [], [], [], []]",81.29450775374767
2015-05-18,Meta,80.87999725341797,"[[], [], [], [], [], [], [], [], [], [], [], [], [], [], [], [], [], [], [], [], [], [], [], [], []]",80.45149688661851
2015-05-19,Meta,80.62999725341797,"[[], [], [], [], [], [], [], [], [], [], [], [], [], [], [], [], [], [], [], [], [], [], [], [], []]",80.8225974895067
2015-05-20,Meta,80.55000305175781,"[[], [], [], [], [], [], [], [], [], [], [], [], [], [], [], [], [], [], [], [], [], [], [], [], []]",80.27681632719664
2015-05-21,Meta,80.4800033569336,"[[], [], [], [], [], [], [], [], [], [], [], [], [], [], [], [], [], [], [], [], [], [], [], [], []]",80.98544261256339
2015-05-22,Meta,80.54000091552734,"[[], [], [], [], [], [], [], [], [], [], [], [], [], [], [], [], [], [], [], [], [], [], [], [], []]",80.16430086251363
2015-05-26,Meta,79.33000183105469,"[[], [], [], [], [], [], [], [], [], [], [], [], [], [], [], [], [], [], [], [], [], [], [], [], []]",80.94134328069065
2015-05-27,Meta,80.55000305175781,"[[], [], [], [], [], [], [], [], [], [], [], [], [], [], [], [], [], [], [], [], [], [], [], [], []]",79.37653525515074
2015-05-28,Meta,80.1500015258789,"[[], [], [], [], [], [], [[{'label': 'positive', 'score': 0.7809059619903564}, {'label': 'neutral', 'score': 0.10568435490131378}, {'label': 'negative', 'score': 0.11340971291065216}]], [], [], [], [], [], [], [], [], [], [], [], [], [], [], [], [], [], []]",80.92272130893481
2015-05-29,Meta,79.19000244140625,"[[], [], [], [], [], [], [], [], [], [], [], [], [], [], [], [], [], [], [], [], [], [], [], [], []]",80.11745154312403
2015-06-01,Meta,80.29000091552734,"[[], [], [], [], [], [], [], [], [], [], [], [], [], [], [], [], [], [], [], [], [], [], [], [], []]",79.22070340282667
2015-06-02,Meta,80.44000244140625,"[[], [], [], [], [], [], [], [], [], [], [], [], [], [], [], [], [], [], [], [], [], [], [], [], []]",80.21399454141162
2015-06-03,Meta,82.44000244140625,"[[], [], [], [], [], [], [], [], [], [], [], [], [], [], [], [], [], [], [], [], [], [], [], [], []]",80.73044208023188
2015-06-04,Meta,82.05000305175781,"[[], [], [], [], [], [], [], [], [], [], [], [], [], [], [], [], [], [], [], [], [], [], [], [], []]",82.55670426963505
2015-06-05,Meta,82.13999938964844,"[[], [], [], [], [], [], [], [], [], [], [], [], [], [], [], [], [], [], [], [], [], [], [], [], []]",82.10725570209945
2015-06-08,Meta,80.66999816894531,"[[], [], [], [], [], [], [], [], [], [], [], [], [], [], [], [], [], [], [], [], [], [], [], [], []]",82.25261932130216
2015-06-09,Meta,80.66999816894531,"[[], [], [], [], [], [], [], [], [], [], [], [], [], [], [[{'label': 'positive', 'score': 0.13231679797172546}, {'label': 'neutral', 'score': 0.30209240317344666}, {'label': 'negative', 'score': 0.5655907988548279}]], [], [], [], [], [], [], [], [], [], []]",80.67913313151304
2015-06-10,Meta,82.16000366210938,"[[], [], [], [], [], [], [], [], [], [], [], [], [], [], [], [], [], [], [], [], [], [], [], [], []]",80.85313109175917
2015-06-11,Meta,81.83000183105469,"[[], [], [], [], [], [], [], [], [], [], [], [], [], [], [], [], [], [], [], [], [], [], [], [], []]",82.17797865752695
2015-06-12,Meta,81.52999877929688,"[[], [], [], [], [], [], [], [], [], [], [], [], [], [], [], [], [], [], [], [], [], [], [], [], []]",82.03034595526931
2015-06-15,Meta,80.70999908447266,"[[], [], [], [], [], [], [], [], [], [], [], [], [], [], [], [], [], [], [], [], [], [], [], [], []]",81.70844518286137
2015-06-16,Meta,81.05999755859375,"[[], [], [], [], [], [], [], [], [], [], [], [], [], [[{'label': 'positive', 'score': 0.2290543019771576}, {'label': 'neutral', 'score': 0.3379673659801483}, {'label': 'negative', 'score': 0.4329783320426941}]], [], [], [], [], [], [], [], [], [], [], []]",80.5980213196225
2015-06-17,Meta,81.79000091552734,"[[], [], [], [], [], [], [], [[{'label': 'positive', 'score': 0.3300551474094391}, {'label': 'neutral', 'score': 0.14424829185009003}, {'label': 'negative', 'score': 0.5256965160369873}]], [], [], [], [], [], [], [], [], [], [], [], [], [], [], [], [], []]",81.19438011369164
2015-06-18,Meta,82.91000366210938,"[[], [], [], [], [], [], [], [], [], [], [], [], [], [], [], [], [], [], [], [], [], [], [], [], []]",81.71231184090041
2015-06-19,Meta,82.51000213623047,"[[], [], [], [], [], [], [], [], [], [], [], [], [], [], [], [], [], [], [], [], [], [], [], [], []]",82.97589784625085
2015-06-22,Meta,84.73999786376953,"[[], [], [], [], [], [], [], [], [], [], [], [], [], [], [], [], [], [], [], [], [], [], [], [], []]",82.43412399501327
2015-06-23,Meta,87.87999725341797,"[[], [], [], [], [], [], [], [], [], [], [], [], [], [], [], [], [], [], [], [], [], [], [], [], []]",84.79343881076983
2015-06-24,Meta,88.86000061035156,"[[], [], [], [], [], [], [], [], [], [], [], [], [], [], [], [], [], [], [], [], [], [], [], [], []]",87.87847918531588
2015-06-25,Meta,87.9800033569336,"[[], [], [], [], [], [], [], [], [], [], [], [], [], [], [], [], [], [], [], [], [], [], [], [], []]",89.10250870843707
2015-06-26,Meta,88.01000213623047,"[[], [], [], [], [], [], [], [], [], [], [], [], [], [], [], [], [], [], [], [], [], [], [], [], []]",87.52230403787696
2015-06-29,Meta,85.80000305175781,"[[], [], [], [], [], [], [], [], [], [], [], [], [], [], [], [], [], [], [], [], [], [], [], [], []]",88.12574792427428
2015-06-30,Meta,85.7699966430664,"[[], [], [], [], [], [], [], [], [], [], [], [], [], [], [], [], [], [], [], [], [], [], [], [], []]",86.05818210831099
2015-07-01,Meta,86.91000366210938,"[[], [], [], [], [], [], [], [], [], [], [], [], [], [], [], [], [], [], [], [], [], [], [], [], []]",86.32071467219973
2015-07-02,Meta,87.29000091552734,"[[], [], [], [], [], [], [], [], [], [], [], [], [], [], [], [], [], [], [], [], [], [], [], [], []]",87.10222324720375
2015-07-06,Meta,87.55000305175781,"[[], [], [], [], [], [], [], [], [], [], [], [], [], [], [], [], [], [], [], [], [], [], [], [], []]",87.46968363137212
2015-07-07,Meta,87.22000122070312,"[[], [], [], [], [], [], [], [], [], [], [], [], [], [], [], [], [], [], [], [], [], [], [], [], []]",87.80105352028603
2015-07-08,Meta,85.6500015258789,"[[], [], [], [], [], [], [], [], [], [], [], [], [], [], [], [], [], [], [], [], [], [], [], [], []]",87.24328021405789
2015-07-09,Meta,85.87999725341797,"[[], [], [], [], [], [], [], [], [], [], [], [], [], [], [], [], [], [], [], [], [], [], [], [], []]",85.6779241270363
2015-07-10,Meta,87.94999694824219,"[[], [], [], [], [], [], [], [], [], [], [], [], [], [], [], [], [], [], [], [], [], [[{'label': 'positive', 'score': 0.5596243739128113}, {'label': 'neutral', 'score': 0.1750209927558899}, {'label': 'negative', 'score': 0.26535463333129883}]], [], [], []]",85.6639399459927
2015-07-13,Meta,90.0999984741211,"[[], [], [], [], [], [], [], [], [], [], [], [], [], [], [], [], [], [], [], [], [], [], [], [], []]",88.06879655804704
2015-07-14,Meta,89.68000030517578,"[[], [], [], [], [], [], [], [], [], [], [], [], [], [], [], [], [], [[{'label': 'positive', 'score': 0.11910635232925415}, {'label': 'neutral', 'score': 0.24587726593017578}, {'label': 'negative', 'score': 0.6350163817405701}]], [], [], [], [], [], [], []]",90.38188242394297
2015-07-15,Meta,89.76000213623047,"[[], [], [], [], [], [], [], [], [], [], [], [], [], [], [], [], [], [], [], [], [], [], [], [], []]",89.92766398336681
2015-07-16,Meta,90.8499984741211,"[[], [], [], [], [], [], [], [], [], [], [], [], [], [], [], [], [], [], [], [], [], [], [], [], []]",90.04774004452624
2015-07-17,Meta,94.97000122070312,"[[], [], [], [], [], [], [], [], [], [], [], [], [], [], [], [], [], [], [], [], [], [], [], [], []]",90.60016893228092
2015-07-20,Meta,97.91000366210938,"[[[{'label': 'positive', 'score': 0.3987349569797516}, {'label': 'neutral', 'score': 0.13105051219463348}, {'label': 'negative', 'score': 0.47021451592445374}]], [], [], [], [], [], [], [], [], [], [], [], [], [], [], [], [], [], [], [], [], [], [], [], []]",94.81441542760122
2015-07-21,Meta,98.38999938964844,"[[], [], [], [], [], [], [], [], [], [], [], [], [], [], [], [], [], [], [], [], [], [], [], [], []]",97.62484507868217
2015-07-22,Meta,97.04000091552734,"[[], [], [], [], [], [], [], [], [], [], [], [], [], [], [], [], [], [], [], [], [], [], [], [], []]",98.54165198051788
2015-07-23,Meta,95.44000244140625,"[[], [], [], [], [], [], [], [], [], [], [], [], [], [], [], [], [], [], [], [], [], [], [], [], []]",97.05749133822422
2015-07-24,Meta,96.94999694824219,"[[], [], [], [], [], [], [], [], [], [], [], [], [], [], [], [], [], [], [], [], [], [], [], [], []]",95.89506380225237
2015-07-27,Meta,94.16999816894531,"[[], [], [], [], [], [], [], [], [], [], [], [], [], [], [], [], [], [], [], [], [], [], [], [], []]",96.99591394407611
2015-07-28,Meta,95.29000091552734,"[[], [], [], [], [], [], [], [], [], [], [], [], [], [], [], [], [], [], [], [], [], [], [], [], []]",94.41291638275779
2015-07-29,Meta,96.98999786376953,"[[], [], [], [], [], [], [], [], [], [], [], [], [], [], [], [], [], [], [], [], [], [], [], [], []]",95.47451659816356
2015-07-30,Meta,95.20999908447266,"[[], [], [], [], [], [], [], [], [], [], [], [], [], [], [], [], [], [], [], [], [], [], [], [], []]",97.41037144196993
2015-07-31,Meta,94.01000213623047,"[[], [], [], [], [], [], [], [], [], [], [], [], [], [], [], [], [], [], [], [], [], [], [], [], []]",95.70968723090502
2015-08-03,Meta,94.13999938964844,"[[], [], [], [], [], [], [], [], [], [], [], [], [], [], [], [], [], [], [], [], [], [], [], [], []]",94.03252920900087
2015-08-04,Meta,94.05999755859375,"[[], [], [], [], [], [], [], [], [], [], [], [], [], [], [], [], [], [], [], [], [], [], [], [], []]",93.79085144586244
2015-08-05,Meta,96.44000244140625,"[[], [], [], [], [], [], [], [], [], [], [], [], [], [], [], [], [], [], [], [], [], [], [], [], []]",94.22258179769418
2015-08-06,Meta,95.12000274658203,"[[], [], [], [], [], [], [], [], [], [], [], [], [], [], [], [], [], [], [], [], [], [], [], [], []]",96.83178599462487
2015-08-07,Meta,94.30000305175781,"[[], [], [], [], [], [], [], [], [], [], [], [], [], [], [], [], [], [], [], [], [], [], [], [], []]",95.50211406253318
2015-08-10,Meta,94.1500015258789,"[[], [], [], [], [], [], [], [], [], [], [], [], [], [], [], [], [], [], [], [], [], [], [], [], []]",94.4649793132035
2015-08-11,Meta,93.62000274658203,"[[], [], [], [], [], [], [], [], [], [], [], [], [], [], [], [], [], [], [], [], [], [], [], [], []]",93.96274402980349
2015-08-12,Meta,94.19000244140625,"[[], [], [], [], [], [], [], [], [], [], [], [], [], [], [], [], [], [], [], [], [], [], [], [], []]",93.89017222569228
2015-08-13,Meta,93.43000030517578,"[[], [], [], [], [], [], [], [], [], [], [], [], [], [], [], [], [], [], [], [], [], [], [], [], []]",93.85661441930982
2015-08-14,Meta,94.41999816894531,"[[], [], [], [], [], [], [], [], [], [], [], [], [], [], [], [], [], [], [], [], [], [], [], [], []]",93.36738673585697
2015-08-17,Meta,93.93000030517578,"[[], [], [], [], [], [], [], [], [], [], [], [], [], [], [], [], [], [], [], [], [], [], [], [], []]",94.77921681204685
2015-08-18,Meta,95.16999816894531,"[[], [], [], [], [], [], [], [], [], [], [], [], [], [], [], [], [], [], [], [], [], [], [], [], []]",93.7645130467591
2015-08-19,Meta,95.30999755859375,"[[], [], [], [], [], [], [], [], [], [], [], [[{'label': 'positive', 'score': 0.34781742095947266}, {'label': 'neutral', 'score': 0.20407123863697052}, {'label': 'negative', 'score': 0.448111355304718}]], [], [], [], [], [], [], [], [], [], [], [], [], []]",95.08750766162183
2015-08-20,Meta,90.55999755859375,"[[], [], [], [], [], [], [], [], [], [], [], [], [], [], [], [], [], [], [], [], [], [], [[{'label': 'positive', 'score': 0.2763141095638275}, {'label': 'neutral', 'score': 0.35181963443756104}, {'label': 'negative', 'score': 0.37186625599861145}]], [], []]",94.94247433775486
2015-08-21,Meta,86.05999755859375,"[[], [], [], [], [], [], [], [], [], [], [], [], [], [], [], [], [], [], [], [], [], [], [], [], []]",90.67366196997496
2015-08-24,Meta,82.08999633789062,"[[], [], [], [], [], [], [], [], [], [], [], [], [], [], [], [], [], [], [], [], [], [], [], [], []]",86.28718506441619
2015-08-25,Meta,83.0,"[[], [], [], [], [], [], [], [], [], [], [], [], [], [], [], [], [], [], [], [], [], [], [], [], []]",82.08048118507695
2015-08-26,Meta,87.19000244140625,"[[], [], [], [], [], [], [], [], [], [], [], [], [], [], [], [], [], [], [], [], [], [], [], [], []]",83.58372410272474
2015-08-27,Meta,89.7300033569336,"[[], [[{'label': 'positive', 'score': 0.4792294204235077}, {'label': 'neutral', 'score': 0.17245948314666748}, {'label': 'negative', 'score': 0.34831109642982483}]], [], [], [], [], [], [], [], [], [], [], [], [], [], [], [], [], [], [], [], [], [], [], []]",87.19814135291024
2015-08-28,Meta,91.01000213623047,"[[], [], [], [], [], [], [], [], [], [], [], [], [], [], [], [], [], [], [], [], [], [], [], [], []]",89.85144730712466
2015-08-31,Meta,89.43000030517578,"[[], [], [], [], [], [], [], [], [], [], [], [], [], [], [], [], [], [], [], [], [], [], [], [], []]",90.56274064801266
2015-09-01,Meta,87.2300033569336,"[[], [], [], [], [], [], [], [], [], [], [], [], [], [], [], [], [], [], [], [], [], [], [], [], []]",88.82253546475741
2015-09-02,Meta,89.88999938964844,"[[], [], [], [], [], [], [], [], [], [], [], [], [], [], [], [], [], [], [], [], [], [], [], [], []]",86.92510715503994
2015-09-03,Meta,88.1500015258789,"[[], [], [], [], [], [], [], [], [], [], [], [], [], [], [], [], [], [], [], [], [], [], [], [], []]",89.50974190692823
2015-09-04,Meta,88.26000213623047,"[[], [], [], [], [], [], [], [], [], [], [], [], [], [], [], [], [], [], [], [], [], [], [], [], []]",88.01763981058498
2015-09-08,Meta,89.52999877929688,"[[], [], [], [], [], [], [], [], [], [], [], [], [], [], [], [], [], [], [], [], [], [], [], [], []]",89.2111902173882
2015-09-09,Meta,90.44000244140625,"[[], [], [], [], [], [], [], [], [], [], [], [], [], [], [], [], [], [], [], [], [], [], [], [], []]",89.76060967607457
2015-09-10,Meta,91.9800033569336,"[[], [], [], [], [], [], [], [], [], [], [], [], [], [], [], [], [], [], [], [], [], [], [], [], []]",91.00611992270659
2015-09-11,Meta,92.05000305175781,"[[], [], [], [], [], [], [], [], [], [], [], [], [], [], [], [], [], [], [], [], [], [], [], [], []]",91.30671714605529
2015-09-14,Meta,92.30999755859375,"[[], [], [], [], [], [], [], [], [], [], [], [[{'label': 'positive', 'score': 0.39682209491729736}, {'label': 'neutral', 'score': 0.2549706995487213}, {'label': 'negative', 'score': 0.3482072353363037}]], [], [], [], [], [], [], [], [], [], [], [], [], []]",91.1476871542135
2015-09-15,Meta,92.9000015258789,"[[], [], [], [], [], [], [], [], [], [], [], [], [], [], [], [], [], [], [], [], [], [], [], [], []]",91.9733271416701
2015-09-16,Meta,93.44999694824219,"[[], [], [], [], [], [], [], [], [], [], [], [], [], [], [], [], [], [], [], [], [], [], [], [], []]",93.11657090438429
2015-09-17,Meta,94.33999633789062,"[[], [], [], [], [], [], [], [], [], [], [], [], [], [], [], [], [], [], [], [], [[{'label': 'positive', 'score': 0.3839865028858185}, {'label': 'neutral', 'score': 0.11839164048433304}, {'label': 'negative', 'score': 0.49762192368507385}]], [], [], [], []]",94.27342277573115
2015-09-18,Meta,94.4000015258789,"[[], [], [], [], [], [], [], [], [], [], [], [], [], [], [], [], [], [], [], [], [], [], [], [], []]",94.54345792049209
2015-09-21,Meta,95.55000305175781,"[[], [], [], [], [], [], [], [], [], [], [], [], [], [], [], [], [], [], [], [], [], [], [], [], []]",94.4101800317241
2015-09-22,Meta,92.95999908447266,"[[], [], [], [], [], [], [], [], [], [], [], [], [], [], [], [], [], [], [], [], [], [], [], [], []]",95.86272178520652
2015-09-23,Meta,93.97000122070312,"[[], [], [], [], [], [], [], [], [], [], [], [], [], [], [], [], [], [], [], [], [], [], [], [], []]",93.02060072631213
2015-09-24,Meta,94.41000366210938,"[[], [], [], [], [], [], [], [], [], [], [], [], [], [], [], [], [], [], [], [], [], [], [], [], []]",94.22932120997635
2015-09-25,Meta,92.7699966430664,"[[], [], [], [], [], [], [], [], [], [], [], [], [], [], [], [], [], [], [], [], [], [], [], [], []]",94.35971987461541
2015-09-28,Meta,89.20999908447266,"[[], [], [], [], [], [], [], [], [], [], [], [], [], [], [], [], [], [[{'label': 'positive', 'score': 0.23395836353302002}, {'label': 'neutral', 'score': 0.17676734924316406}, {'label': 'negative', 'score': 0.5892742872238159}]], [], [], [], [], [], [], []]",93.17989524168827
2015-09-29,Meta,86.66999816894531,"[[], [], [], [], [], [], [], [[{'label': 'positive', 'score': 0.09276312589645386}, {'label': 'neutral', 'score': 0.049782924354076385}, {'label': 'negative', 'score': 0.8574539422988892}]], [], [], [], [], [], [], [], [], [], [], [], [], [], [], [], [], []]",89.55181644955411
2015-09-30,Meta,89.9000015258789,"[[], [], [], [], [], [], [], [], [], [], [], [], [], [], [], [], [], [], [], [], [], [], [], [], []]",87.13584604450709
2015-10-01,Meta,90.94999694824219,"[[], [], [], [], [], [], [], [], [], [], [], [], [], [], [], [], [], [], [], [], [], [], [], [], []]",90.23732088286742
2015-10-02,Meta,92.06999969482422,"[[], [], [], [], [], [], [], [], [], [], [], [], [], [], [], [], [], [], [], [], [], [], [], [], []]",91.24203032421036
2015-10-05,Meta,94.01000213623047,"[[], [], [], [], [], [], [], [], [], [], [], [], [], [], [], [], [], [], [], [], [], [], [], [], []]",91.49643363917181
2015-10-06,Meta,92.80000305175781,"[[], [], [], [], [], [], [], [], [], [], [], [], [], [], [], [], [], [], [], [], [], [], [], [], []]",93.54779188806167
2015-10-07,Meta,92.4000015258789,"[[], [], [], [], [], [], [], [], [], [], [], [], [], [], [], [], [], [], [], [], [], [], [], [], []]",92.62599133038344
2015-10-08,Meta,92.47000122070312,"[[], [], [], [], [], [], [], [], [], [], [], [], [], [], [], [], [], [], [], [], [], [], [], [], []]",92.85417301209799
2015-10-09,Meta,93.23999786376953,"[[], [], [], [], [], [], [], [], [], [], [], [], [], [], [], [], [], [], [], [], [], [], [], [], []]",92.04396787589764
2015-10-12,Meta,94.26000213623047,"[[], [], [], [], [], [], [], [], [], [], [], [], [], [], [], [], [], [], [], [], [], [], [], [], []]",93.1960846387098
2015-10-13,Meta,94.12000274658203,"[[], [], [], [], [], [], [], [], [], [[{'label': 'positive', 'score': 0.5022332668304443}, {'label': 'neutral', 'score': 0.15214236080646515}, {'label': 'negative', 'score': 0.3456243872642517}]], [], [], [], [], [], [], [], [], [], [], [], [], [], [], []]",94.58318344661586
2015-10-14,Meta,94.06999969482422,"[[], [], [], [], [], [], [], [], [], [], [], [], [], [], [], [], [], [], [], [], [], [], [], [], []]",94.6316401275381
2015-10-15,Meta,95.95999908447266,"[[], [], [], [], [], [], [], [], [], [], [], [], [], [], [], [], [], [], [], [], [], [], [], [], []]",94.0258079103699
2015-10-16,Meta,97.54000091552734,"[[], [], [], [], [], [], [], [], [], [], [], [], [], [], [], [], [], [], [], [], [], [], [], [], []]",95.42959807932725
2015-10-19,Meta,98.47000122070312,"[[], [], [], [], [], [], [], [], [], [], [], [], [], [], [], [], [], [], [], [], [], [], [], [], []]",97.38979274260633
2015-10-20,Meta,97.0,"[[], [], [], [], [], [], [], [], [], [], [], [], [], [], [], [], [], [], [], [], [], [], [], [], []]",98.34054455530354
2015-10-21,Meta,97.11000061035156,"[[], [[{'label': 'positive', 'score': 0.2190479189157486}, {'label': 'neutral', 'score': 0.14336954057216644}, {'label': 'negative', 'score': 0.637582540512085}]], [], [], [], [], [], [], [], [], [], [], [], [], [], [], [], [], [], [], [], [], [], [], []]",96.87279846904956
2015-10-22,Meta,99.66999816894531,"[[], [], [], [], [], [], [], [], [], [], [], [], [], [], [], [], [], [], [], [], [], [], [], [], []]",97.77470006831493
2015-10-23,Meta,102.19000244140625,"[[], [], [], [], [], [], [], [], [], [], [], [], [], [], [], [], [], [], [], [], [], [], [], [], []]",99.69909542665265
2015-10-26,Meta,103.7699966430664,"[[], [], [], [], [], [], [], [], [], [], [], [], [], [], [], [], [], [], [], [], [], [], [], [], []]",102.62641813021312
2015-10-27,Meta,103.69999694824219,"[[], [], [], [], [], [], [], [], [], [], [], [], [], [], [], [], [], [], [], [], [], [], [], [], []]",103.49581922724876
2015-10-28,Meta,104.19999694824219,"[[], [], [], [], [], [], [], [], [], [], [], [], [], [], [], [], [], [], [], [], [], [], [], [], []]",103.76682624324644
2015-10-29,Meta,104.87999725341797,"[[], [], [], [], [], [], [], [], [], [], [], [], [], [], [], [], [], [], [], [], [], [], [], [], []]",104.52237304129774
2015-10-30,Meta,101.97000122070312,"[[], [], [], [], [], [], [], [], [], [], [], [], [], [], [], [], [], [], [], [], [], [], [], [], []]",105.04665976360542
2015-11-02,Meta,103.30999755859375,"[[], [], [], [], [], [], [], [], [], [], [], [], [], [], [], [], [], [], [], [], [], [], [], [], []]",102.15815374590788
2015-11-03,Meta,102.58000183105469,"[[], [], [], [], [], [], [], [], [], [], [], [], [], [], [], [], [], [], [], [], [], [], [], [], []]",103.35934159017559
2015-11-04,Meta,103.94000244140625,"[[], [], [], [], [], [], [], [], [], [], [], [], [], [], [], [], [], [], [], [], [], [], [], [], []]",103.1730637973656
2015-11-05,Meta,108.76000213623047,"[[], [], [], [], [], [], [], [], [], [], [], [], [], [], [], [], [], [], [], [], [], [], [], [], []]",104.90933273569155
2015-11-06,Meta,107.0999984741211,"[[], [], [], [], [], [], [], [], [], [], [], [], [], [], [], [], [], [], [], [], [], [], [], [], []]",108.43653440870743
2015-11-09,Meta,106.48999786376953,"[[], [], [], [], [], [], [], [], [], [], [], [], [], [], [], [], [], [], [], [], [], [], [], [], []]",107.00255429336781
2015-11-10,Meta,107.91000366210938,"[[], [], [], [], [], [], [], [], [], [], [], [], [], [], [], [], [], [], [], [], [], [], [], [], []]",106.26100540146433
2015-11-11,Meta,109.01000213623047,"[[], [], [], [], [], [], [], [], [], [], [], [], [], [], [], [], [], [], [], [], [], [], [], [], []]",107.61985375988002
2015-11-12,Meta,108.0199966430664,"[[], [], [], [], [], [], [], [], [], [], [], [], [], [], [], [], [], [], [], [], [], [], [], [], []]",109.4913894222429
2015-11-13,Meta,103.94999694824219,"[[], [], [], [], [], [], [], [], [], [], [], [], [], [], [], [], [], [], [], [], [], [], [], [], []]",108.49574607280375
2015-11-16,Meta,104.04000091552734,"[[], [], [], [], [], [], [], [], [], [], [], [], [], [], [], [], [], [], [], [], [], [], [], [], []]",104.18942268472941
2015-11-17,Meta,105.12999725341797,"[[], [], [], [], [], [], [], [], [], [], [], [], [], [], [], [], [], [], [], [], [], [], [], [], []]",104.38186978728397
2015-11-18,Meta,107.7699966430664,"[[], [], [], [], [], [], [], [], [], [], [], [], [], [], [], [], [], [], [], [], [], [], [], [], []]",105.25662626137716
2015-11-19,Meta,106.26000213623047,"[[], [], [], [], [], [], [], [], [], [], [], [], [], [], [], [], [], [], [], [], [], [], [], [], []]",108.28166602688196
2015-11-20,Meta,107.31999969482422,"[[], [], [], [], [], [], [], [], [], [], [], [], [], [], [], [], [], [], [], [], [], [], [], [], []]",105.78267310746163
2015-11-23,Meta,106.94999694824219,"[[], [], [], [], [], [], [], [], [], [], [], [], [], [], [], [], [], [], [], [], [], [], [], [], []]",106.8790434701754
2015-11-24,Meta,105.73999786376953,"[[], [], [], [], [], [], [], [], [], [], [], [], [], [], [], [], [], [], [], [], [], [], [], [], []]",107.04411524067375
2015-11-25,Meta,105.41000366210938,"[[], [], [], [], [], [], [], [], [], [], [], [], [], [], [], [], [], [], [], [], [], [], [], [], []]",106.05438915080573
2015-11-27,Meta,105.44999694824219,"[[], [], [], [], [], [], [], [], [], [], [], [], [], [], [], [], [], [], [], [], [], [], [], [], []]",105.23470378045248
2015-11-30,Meta,104.23999786376953,"[[], [], [], [], [], [], [], [], [], [], [], [], [], [], [], [], [], [], [], [], [], [], [], [], []]",105.55940259425624
2015-12-01,Meta,107.12000274658203,"[[], [], [], [], [], [], [], [], [], [], [], [], [], [], [], [], [], [], [], [], [], [], [], [], []]",104.47104024392017
2015-12-02,Meta,106.06999969482422,"[[], [], [], [], [], [], [], [], [], [], [], [], [], [], [], [], [], [], [], [], [], [], [], [], []]",107.56505362134011
2015-12-03,Meta,104.37999725341797,"[[], [], [], [], [], [], [], [], [], [], [], [], [], [], [], [], [], [], [], [], [], [], [], [], []]",105.607803334103
2015-12-04,Meta,106.18000030517578,"[[], [], [], [], [], [], [], [], [], [], [], [], [], [], [], [], [[{'label': 'positive', 'score': 0.2581644654273987}, {'label': 'neutral', 'score': 0.17657457292079926}, {'label': 'negative', 'score': 0.5652609467506409}]], [], [], [], [], [], [], [], []]",104.6477499960749
2015-12-07,Meta,105.61000061035156,"[[], [], [], [], [], [], [], [], [], [], [], [], [], [], [], [], [], [], [], [], [], [], [], [], []]",105.45305826057029
2015-12-08,Meta,106.48999786376953,"[[], [], [], [], [], [], [], [], [], [], [], [], [], [], [], [], [], [[{'label': 'positive', 'score': 0.5181720852851868}, {'label': 'neutral', 'score': 0.21147730946540833}, {'label': 'negative', 'score': 0.2703505754470825}]], [], [], [], [], [], [], []]",105.8101475007532
2015-12-09,Meta,104.5999984741211,"[[], [], [], [], [], [], [], [], [], [], [], [], [], [], [], [], [], [], [], [], [], [], [], [], []]",106.69988366816885
2015-12-10,Meta,105.41999816894531,"[[], [], [], [], [], [], [], [], [], [], [], [], [], [], [], [], [], [], [], [], [], [], [], [], []]",104.64133680848205
2015-12-11,Meta,102.12000274658203,"[[], [], [], [], [], [], [], [], [], [], [], [], [], [], [], [], [], [], [], [], [], [], [], [], []]",105.67148064492733
2015-12-14,Meta,104.66000366210938,"[[], [], [], [], [], [], [], [], [], [], [], [], [], [], [], [], [], [], [], [], [], [], [], [], []]",102.05638819035313
2015-12-15,Meta,104.55000305175781,"[[], [], [], [], [], [], [], [[{'label': 'positive', 'score': 0.19541507959365845}, {'label': 'neutral', 'score': 0.14442439377307892}, {'label': 'negative', 'score': 0.660160481929779}]], [], [], [], [], [], [], [], [], [], [], [], [], [], [], [], [], []]",104.64834291841224
2015-12-16,Meta,106.79000091552734,"[[], [], [], [], [], [], [], [], [], [], [], [], [], [], [], [], [], [], [], [], [], [], [], [], []]",104.39195617112327
2015-12-17,Meta,106.22000122070312,"[[], [], [], [], [], [], [], [], [], [], [], [], [], [], [], [], [], [], [], [], [], [], [], [], []]",106.99708237511119
2015-12-18,Meta,104.04000091552734,"[[], [], [], [], [], [], [], [], [], [], [], [], [], [], [], [], [], [], [], [], [], [], [], [], []]",106.16852973469561
2015-12-21,Meta,104.7699966430664,"[[], [], [], [], [], [], [], [], [], [], [], [], [], [], [], [], [], [], [], [], [], [], [], [], []]",103.97251149558362
2015-12-22,Meta,105.51000213623047,"[[], [], [], [], [], [], [], [], [], [], [], [], [], [], [], [], [], [], [], [], [], [], [], [], []]",104.65052707577556
2015-12-23,Meta,104.62999725341797,"[[], [], [], [], [], [], [], [], [], [], [], [], [], [], [], [], [], [], [], [], [], [], [], [], []]",105.76099759783985
2015-12-24,Meta,105.0199966430664,"[[], [], [], [], [], [], [], [], [], [], [], [], [], [], [], [], [], [], [], [], [], [], [], [], []]",104.91387183796438
2015-12-28,Meta,105.93000030517578,"[[], [], [], [], [], [], [], [], [], [], [], [], [], [], [], [], [], [], [], [], [], [], [], [], []]",104.87898206294108
2015-12-29,Meta,107.26000213623047,"[[], [], [], [], [], [], [], [], [], [], [], [], [], [], [], [], [], [], [], [], [], [], [], [], []]",105.87795412982871
2015-12-30,Meta,106.22000122070312,"[[], [], [], [], [], [], [], [], [], [], [], [], [], [], [], [], [], [], [], [], [], [], [], [], []]",107.65618631603651
2015-12-31,Meta,104.66000366210938,"[[], [], [], [], [], [], [], [], [], [], [], [], [], [], [], [], [], [], [], [], [], [], [], [], []]",106.10956233107603
2016-01-04,Meta,102.22000122070312,"[[], [], [], [], [], [], [], [], [], [], [], [], [], [], [], [], [], [], [], [], [], [], [], [], []]",104.26338597737299
2016-01-05,Meta,102.7300033569336,"[[], [], [], [], [], [], [], [], [], [], [], [], [], [], [], [], [], [], [], [], [], [], [], [], []]",102.31683318590412
2016-01-06,Meta,102.97000122070312,"[[], [], [], [], [], [], [], [], [], [], [], [], [], [], [], [], [], [], [], [], [], [], [], [], []]",103.16723113683895
2016-01-07,Meta,97.91999816894531,"[[], [], [], [], [], [], [], [], [], [], [], [], [], [], [], [], [], [], [], [], [], [], [], [], []]",103.37852923350457
2016-01-08,Meta,97.33000183105469,"[[], [], [], [], [], [], [], [], [], [], [], [], [], [], [], [], [], [], [], [], [], [], [], [], []]",98.23570840493846
2016-01-11,Meta,97.51000213623047,"[[], [], [], [], [], [], [], [], [], [], [], [], [], [], [], [], [], [], [], [], [], [], [], [], []]",97.0362832215023
2016-01-12,Meta,99.37000274658203,"[[], [], [], [], [], [], [], [], [], [], [], [], [], [], [], [], [], [], [], [], [], [], [], [], []]",97.74478814513591
2016-01-13,Meta,95.44000244140625,"[[], [], [], [], [], [], [], [], [], [], [], [], [], [], [], [], [], [], [], [], [], [], [], [], []]",99.42847106423557
2016-01-14,Meta,98.37000274658203,"[[], [], [], [], [[{'label': 'positive', 'score': 0.13457155227661133}, {'label': 'neutral', 'score': 0.2274208664894104}, {'label': 'negative', 'score': 0.6380075812339783}]], [], [], [], [], [], [], [], [], [], [], [], [], [], [], [], [], [], [], [], []]",95.53984141059438
2016-01-15,Meta,94.97000122070312,"[[], [], [], [], [], [], [], [], [], [], [], [], [], [], [], [], [], [], [], [], [], [], [], [], []]",97.47336146240144
2016-01-19,Meta,95.26000213623047,"[[], [], [], [], [[{'label': 'positive', 'score': 0.18422053754329681}, {'label': 'neutral', 'score': 0.07907496392726898}, {'label': 'negative', 'score': 0.7367044687271118}]], [], [], [], [], [], [], [], [], [], [], [], [], [], [], [], [], [], [], [], []]",95.37762066163762
2016-01-20,Meta,94.3499984741211,"[[], [], [], [], [], [], [], [], [], [], [], [], [], [], [], [], [], [], [], [], [], [], [], [], []]",95.42728517922194
2016-01-21,Meta,94.16000366210938,"[[], [], [], [], [], [], [], [], [], [], [], [], [], [], [], [], [], [], [], [], [], [], [], [], []]",94.14529243111996
2016-01-22,Meta,97.94000244140625,"[[], [], [], [], [], [], [], [], [], [], [], [], [], [], [], [], [], [], [], [], [], [], [], [], []]",94.06342469118485
2016-01-25,Meta,97.01000213623047,"[[], [], [], [], [], [], [], [], [], [], [], [], [], [], [], [], [], [], [], [], [], [], [], [], []]",97.69597914894746
2016-01-26,Meta,97.33999633789062,"[[], [], [], [], [], [], [], [], [], [], [], [], [], [], [], [], [], [], [], [], [], [], [], [], []]",97.27377048088366
2016-01-27,Meta,94.44999694824219,"[[], [], [], [], [], [], [], [], [], [], [], [], [], [], [], [], [], [], [], [], [], [], [], [], []]",96.84299959633132
2016-01-28,Meta,109.11000061035156,"[[], [], [], [], [], [], [], [], [], [], [], [], [], [], [], [], [], [], [], [], [], [], [], [], []]",94.03948205615406
2016-01-29,Meta,112.20999908447266,"[[], [], [], [], [], [], [], [], [], [], [], [], [], [], [], [], [], [], [], [], [], [], [], [], []]",108.83852958570898
2016-02-01,Meta,115.08999633789062,"[[], [], [], [], [], [], [], [], [], [], [], [], [], [], [], [], [], [], [], [], [], [], [], [], []]",112.0873790005956
2016-02-02,Meta,114.61000061035156,"[[], [], [], [], [], [], [], [], [], [], [], [], [], [], [], [], [], [], [], [], [], [], [], [], []]",114.97779678415569
2016-02-03,Meta,112.69000244140625,"[[], [], [], [], [], [], [], [], [], [], [], [], [], [], [], [], [], [], [], [], [], [], [], [], []]",113.63953268767614
2016-02-04,Meta,110.48999786376953,"[[], [], [], [], [], [], [], [], [], [], [], [], [], [], [], [], [], [], [], [], [], [], [], [], []]",113.47291325670447
2016-02-05,Meta,104.06999969482422,"[[], [], [], [], [], [], [], [], [], [], [], [], [], [], [], [], [], [], [], [], [], [], [], [], []]",110.72193005210016
2016-02-08,Meta,99.75,"[[], [], [], [], [], [], [], [], [], [], [], [], [], [], [], [], [], [], [], [], [], [], [], [], []]",104.78675118568682
2016-02-09,Meta,99.54000091552734,"[[], [], [], [], [], [], [], [], [], [], [], [], [], [], [], [], [], [], [], [], [], [], [], [], []]",100.15859406595047
2016-02-10,Meta,101.0,"[[], [], [], [], [], [], [], [], [], [], [], [], [], [], [], [], [], [], [], [], [], [], [], [], []]",101.08513728582217
2016-02-11,Meta,101.91000366210938,"[[], [], [], [], [], [], [], [], [], [], [], [], [], [], [], [], [], [], [], [], [], [], [], [], []]",102.51444669532007
2016-02-12,Meta,102.01000213623047,"[[], [], [], [], [], [], [], [], [], [], [], [], [], [], [], [], [], [], [], [], [], [], [], [], []]",101.96734807131948
2016-02-16,Meta,101.61000061035156,"[[], [], [], [], [[{'label': 'positive', 'score': 0.19598685204982758}, {'label': 'neutral', 'score': 0.11307018250226974}, {'label': 'negative', 'score': 0.6909429430961609}]], [], [[{'label': 'positive', 'score': 0.5442243814468384}, {'label': 'neutral', 'score': 0.17841000854969025}, {'label': 'negative', 'score': 0.2773655951023102}]], [[{'label': 'positive', 'score': 0.6808586716651917}, {'label': 'neutral', 'score': 0.09911129623651505}, {'label': 'negative', 'score': 0.22002997994422913}]], [], [], [], [], [], [], [], [], [], [], [], [], [], [], [], [], []]",100.8305173476992
2016-02-17,Meta,105.19999694824219,"[[], [], [], [], [], [], [], [[{'label': 'positive', 'score': 0.22351433336734772}, {'label': 'neutral', 'score': 0.27602073550224304}, {'label': 'negative', 'score': 0.500464916229248}]], [], [], [], [], [], [], [], [], [], [], [], [], [], [], [], [], []]",101.13975236600186
2016-02-18,Meta,103.47000122070312,"[[], [], [], [], [], [], [], [], [], [], [], [], [], [], [], [], [], [], [], [], [], [], [], [], []]",105.659879545916
2016-02-19,Meta,104.56999969482422,"[[], [], [], [], [], [], [], [], [], [], [], [], [], [], [], [], [], [], [], [], [], [], [], [], []]",103.06579129573493
2016-02-22,Meta,107.16000366210938,"[[], [], [], [], [], [], [], [], [], [], [], [], [], [], [], [], [], [], [], [], [], [], [], [], []]",105.28904482739888
2016-02-23,Meta,105.45999908447266,"[[], [], [], [], [], [], [], [], [], [], [], [], [], [], [], [], [], [], [], [], [], [], [], [], []]",106.90146320580541
2016-02-24,Meta,106.87999725341797,"[[], [], [], [], [], [], [], [], [], [], [], [], [], [], [], [], [], [], [], [], [], [], [], [], []]",106.38114230410281
2016-02-25,Meta,108.06999969482422,"[[], [], [], [], [], [], [], [], [], [], [], [], [], [], [], [], [], [], [], [], [], [], [], [], []]",106.6006273942192
2016-02-26,Meta,107.91999816894531,"[[], [], [], [], [], [], [], [], [], [], [], [], [], [], [], [], [], [], [], [], [], [], [], [], []]",107.32171990068764
2016-02-29,Meta,106.91999816894531,"[[], [], [], [], [], [], [], [], [], [], [], [], [], [], [], [], [], [], [], [], [], [], [], [], []]",108.25555793229813
2016-03-01,Meta,109.81999969482422,"[[], [], [], [], [], [], [], [], [], [], [], [], [], [], [], [], [], [], [], [], [], [], [], [], []]",105.90213087481189
2016-03-02,Meta,109.94999694824219,"[[], [], [], [], [], [], [], [], [], [], [], [], [], [[{'label': 'positive', 'score': 0.47478485107421875}, {'label': 'neutral', 'score': 0.1529621034860611}, {'label': 'negative', 'score': 0.37225303053855896}]], [], [], [], [], [], [], [], [], [], [], []]",110.34722936211546
2016-03-03,Meta,109.58000183105469,"[[], [], [], [], [], [], [], [], [], [], [], [], [], [], [], [], [], [], [], [], [], [], [], [], []]",109.19299002051054
2016-03-04,Meta,108.38999938964844,"[[], [], [], [], [], [], [], [], [], [], [], [], [], [], [], [], [], [], [], [], [], [], [], [], []]",110.6516507021817
2016-03-07,Meta,105.7300033569336,"[[], [], [], [], [], [], [], [], [], [], [], [], [], [], [], [], [], [], [], [], [], [], [], [], []]",108.14584242579214
2016-03-08,Meta,105.93000030517578,"[[], [], [], [], [], [], [], [], [], [], [], [], [], [], [], [], [], [], [], [], [], [], [], [], []]",105.62992976581764
2016-03-09,Meta,107.51000213623047,"[[], [], [], [], [], [], [], [], [], [], [], [], [], [], [], [], [], [], [], [], [], [], [], [], []]",105.6792632504432
2016-03-10,Meta,107.31999969482422,"[[], [], [], [], [], [], [], [], [], [], [], [], [], [], [], [], [], [], [], [], [], [], [], [], []]",108.37939503454656
2016-03-11,Meta,109.41000366210938,"[[], [], [], [], [], [], [], [], [], [], [], [], [], [], [], [], [], [], [], [], [], [], [], [], []]",107.57072670971017
2016-03-14,Meta,109.88999938964844,"[[], [], [], [], [], [], [], [], [], [], [], [], [], [], [], [], [], [], [], [], [], [], [], [], []]",109.56503150390665
2016-03-15,Meta,110.66999816894531,"[[], [], [], [], [], [], [], [], [], [], [], [], [], [], [], [], [], [], [], [], [], [], [], [], []]",110.0280817047042
2016-03-16,Meta,112.18000030517578,"[[], [], [], [], [], [], [], [], [], [], [], [], [], [], [], [], [], [], [], [], [], [], [], [], []]",110.94891364893046
2016-03-17,Meta,111.0199966430664,"[[], [], [], [], [], [], [[{'label': 'positive', 'score': 0.3527889549732208}, {'label': 'neutral', 'score': 0.15809643268585205}, {'label': 'negative', 'score': 0.4891146123409271}]], [], [], [], [], [], [], [], [], [], [], [], [], [], [], [], [], [], []]",112.02789367005103
2016-03-18,Meta,111.44999694824219,"[[], [], [], [], [], [], [], [], [], [], [], [], [], [], [], [], [], [], [], [], [], [], [], [], []]",110.76373058722967
2016-03-21,Meta,111.8499984741211,"[[], [], [], [], [], [], [], [], [], [], [], [], [], [], [], [], [], [], [], [], [], [], [], [], []]",111.61853486978922
2016-03-22,Meta,112.25,"[[], [], [], [], [], [], [], [], [], [], [], [], [], [], [], [], [], [], [], [], [], [], [], [], []]",111.8384682406642
2016-03-23,Meta,112.54000091552734,"[[], [], [], [], [], [], [], [], [], [], [], [], [], [], [], [], [], [], [], [], [], [], [], [], []]",112.87613490119547
2016-03-24,Meta,113.05000305175781,"[[], [], [], [], [], [], [], [], [], [], [], [], [], [], [], [], [], [], [], [], [], [], [], [], []]",112.49986232969339
2016-03-28,Meta,113.69000244140625,"[[], [], [], [], [], [], [], [], [], [], [], [], [], [], [], [], [], [], [], [], [], [], [], [], []]",112.78181495077858
2016-03-29,Meta,116.13999938964844,"[[], [], [], [], [], [], [], [], [], [], [], [], [], [], [], [], [], [], [], [], [], [], [], [], []]",113.74193850611388
2016-03-30,Meta,114.69999694824219,"[[], [], [], [], [], [], [], [], [], [], [], [], [], [], [], [], [], [], [], [], [], [], [], [], []]",116.03120515718325
2016-03-31,Meta,114.0999984741211,"[[], [], [], [], [], [], [], [], [], [], [], [], [], [], [], [], [], [], [], [], [], [], [], [], []]",114.89134224541583
2016-04-01,Meta,116.05999755859375,"[[], [], [], [], [], [], [], [], [], [], [], [], [], [], [], [], [], [], [], [], [], [], [], [], []]",114.05709844107818
2016-04-04,Meta,112.55000305175781,"[[], [], [], [], [], [], [], [], [], [], [], [], [], [], [], [], [], [], [], [], [], [], [], [], []]",116.22937069358088
2016-04-05,Meta,112.22000122070312,"[[], [], [], [], [], [], [[{'label': 'positive', 'score': 0.4476724863052368}, {'label': 'neutral', 'score': 0.24691522121429443}, {'label': 'negative', 'score': 0.30541226267814636}]], [], [], [], [], [], [], [], [], [], [], [], [], [], [], [], [], [], []]",112.92710423562777
2016-04-06,Meta,113.70999908447266,"[[], [], [], [], [], [], [], [], [], [], [], [], [], [], [], [], [[{'label': 'positive', 'score': 0.3320034146308899}, {'label': 'neutral', 'score': 0.13040786981582642}, {'label': 'negative', 'score': 0.5375886559486389}]], [], [], [], [], [], [], [], []]",112.53118255881354
2016-04-07,Meta,113.63999938964844,"[[], [], [], [], [], [], [], [], [], [], [], [], [], [], [], [], [], [], [], [], [], [], [], [], []]",113.73990327719572
2016-04-08,Meta,110.62999725341797,"[[], [], [], [], [], [], [], [], [], [], [], [], [], [], [], [], [], [], [], [], [], [], [], [], []]",114.01557459105638
2016-04-11,Meta,108.98999786376953,"[[], [], [], [], [], [], [], [], [], [], [], [], [], [], [], [], [], [], [], [], [], [], [], [], []]",110.69971719953979
2016-04-12,Meta,110.61000061035156,"[[], [], [], [], [], [], [], [], [], [], [], [], [], [], [], [], [], [], [], [], [], [], [], [], []]",109.03972909909945
2016-04-13,Meta,110.51000213623047,"[[], [], [], [], [], [], [], [], [], [], [], [], [], [], [], [], [], [], [], [], [], [], [], [], []]",110.43559087708209
2016-04-14,Meta,110.83999633789062,"[[], [], [], [], [], [], [], [], [], [], [], [], [], [], [], [], [], [], [], [], [], [], [], [], []]",111.01489999575622
2016-04-15,Meta,109.63999938964844,"[[], [], [], [], [], [], [], [], [], [], [], [], [], [], [], [], [], [], [], [], [], [], [], [], []]",110.90785957361024
2016-04-18,Meta,110.44999694824219,"[[], [], [], [], [], [], [], [], [], [], [], [], [], [], [], [], [], [], [], [], [], [], [], [], []]",109.1961248021446
2016-04-19,Meta,112.29000091552734,"[[], [], [], [], [], [], [], [], [], [], [], [], [], [], [], [], [], [], [], [], [], [], [[{'label': 'positive', 'score': 0.4874272346496582}, {'label': 'neutral', 'score': 0.10774990916252136}, {'label': 'negative', 'score': 0.40482285618782043}]], [], []]",110.45788894058028
2016-04-20,Meta,112.41999816894531,"[[], [], [], [], [], [], [], [], [], [], [], [], [], [], [], [], [], [], [], [], [], [], [], [], []]",112.48642267615156
2016-04-21,Meta,113.44000244140625,"[[], [], [], [], [], [], [], [], [], [], [], [], [], [], [], [], [], [], [], [], [], [], [], [], []]",112.19787654584039
2016-04-22,Meta,110.55999755859375,"[[], [], [], [], [], [], [], [], [], [], [], [], [], [], [], [], [], [], [], [], [], [], [], [], []]",112.88602193703183
2016-04-25,Meta,110.0999984741211,"[[], [], [], [], [], [], [], [], [], [], [], [], [], [], [], [], [], [], [], [], [], [], [], [], []]",110.6236758217063
2016-04-26,Meta,108.76000213623047,"[[], [], [], [], [], [], [], [], [], [], [], [], [], [], [], [], [], [], [], [], [], [], [], [], []]",110.48164443552386
2016-04-27,Meta,108.88999938964844,"[[], [], [], [], [], [], [], [], [], [], [], [], [], [], [], [], [], [], [], [], [], [], [], [], []]",108.9211785266901
2016-04-28,Meta,116.7300033569336,"[[], [], [], [], [], [], [], [], [], [], [], [], [], [], [], [], [], [], [], [], [], [], [], [], []]",108.76080331120673
2016-04-29,Meta,117.58000183105469,"[[], [], [], [], [], [], [], [], [], [], [], [], [], [], [], [], [], [], [], [], [], [], [], [], []]",116.63248294548872
2016-05-02,Meta,118.56999969482422,"[[], [], [], [], [], [], [], [], [], [], [], [], [], [], [], [], [], [], [], [], [], [], [], [], []]",117.5594239789643
2016-05-03,Meta,117.43000030517578,"[[], [], [], [], [], [], [], [], [], [], [], [], [], [], [], [], [], [], [], [], [], [], [], [], []]",118.53751870754138
2016-05-04,Meta,118.05999755859375,"[[], [], [], [], [], [], [], [], [], [], [], [], [], [], [], [], [], [], [], [], [], [], [], [], []]",116.86206857999036
2016-05-05,Meta,117.80999755859375,"[[], [], [], [], [], [], [], [], [], [], [], [], [], [], [], [], [], [], [], [], [], [], [], [], []]",117.91220276503925
2016-05-06,Meta,119.48999786376953,"[[], [], [], [], [], [], [], [], [], [], [], [], [], [], [], [], [], [], [], [], [], [], [], [], []]",118.10200034701168
2016-05-09,Meta,119.23999786376953,"[[], [], [], [], [], [], [], [], [], [], [], [], [], [], [], [], [], [], [], [], [], [], [], [], []]",119.77098935103211
2016-05-10,Meta,120.5,"[[], [], [], [], [], [], [], [], [], [], [], [], [], [], [], [], [], [], [], [], [], [], [], [], []]",119.74566314886371
2016-05-11,Meta,119.5199966430664,"[[], [], [], [], [], [], [], [], [], [], [], [], [], [], [], [], [], [], [], [], [], [], [], [], []]",121.20863457790784
2016-05-12,Meta,120.27999877929688,"[[], [], [], [], [], [], [], [], [], [], [], [], [], [], [], [], [], [], [], [], [], [], [], [], []]",119.93947354232544
2016-05-13,Meta,119.80999755859375,"[[], [], [], [], [], [], [], [], [], [], [], [], [], [], [], [], [], [], [], [], [], [], [], [], []]",120.10300124086417
2016-05-16,Meta,118.66999816894531,"[[], [], [], [], [], [], [], [], [], [], [], [], [], [], [], [], [], [], [], [], [], [], [], [], []]",118.87590049584857
2016-05-17,Meta,117.3499984741211,"[[], [], [], [], [], [], [], [[{'label': 'positive', 'score': 0.1967986673116684}, {'label': 'neutral', 'score': 0.13439016044139862}, {'label': 'negative', 'score': 0.6688111424446106}]], [], [], [], [], [], [], [], [], [], [], [], [], [], [], [], [], []]",119.5472345446428
2016-05-18,Meta,117.6500015258789,"[[], [], [], [], [], [], [], [], [], [], [], [], [], [], [], [], [], [], [], [], [], [], [], [], []]",117.58881401702071
2016-05-19,Meta,116.80999755859375,"[[], [], [], [], [], [], [], [], [], [], [], [], [], [], [], [], [], [], [], [], [], [], [], [], []]",118.29592227561031
2016-05-20,Meta,117.3499984741211,"[[], [], [], [], [], [], [], [], [], [], [], [], [], [], [], [], [], [], [], [], [], [], [], [], []]",117.04552055152257
2016-05-23,Meta,115.97000122070312,"[[], [], [], [], [], [], [], [], [], [], [], [], [], [], [], [], [], [], [], [], [], [], [], [], []]",117.51266227329285
2016-05-24,Meta,117.69999694824219,"[[], [], [], [], [], [], [], [], [], [], [], [], [], [], [], [], [], [], [], [], [], [], [], [], []]",115.95269161013562
2016-05-25,Meta,117.88999938964844,"[[], [], [], [], [], [], [], [], [], [], [], [], [], [], [], [], [], [], [], [], [], [], [], [], []]",117.547966396603
2016-05-26,Meta,119.47000122070312,"[[], [], [], [], [], [], [], [], [], [], [], [], [], [], [], [], [], [], [], [], [], [], [], [], []]",117.84141879339157
2016-05-27,Meta,119.37999725341797,"[[], [], [], [], [], [], [], [], [], [[{'label': 'positive', 'score': 0.44589734077453613}, {'label': 'neutral', 'score': 0.1728735715150833}, {'label': 'negative', 'score': 0.38122907280921936}]], [], [], [], [], [], [], [], [], [], [], [], [], [], [], []]",119.6297746647614
2016-05-31,Meta,118.80999755859375,"[[], [], [], [], [], [], [], [], [], [], [], [], [], [], [], [], [], [], [], [], [], [], [], [], []]",118.84154714676995
2016-06-01,Meta,118.77999877929688,"[[], [], [], [], [], [], [], [], [], [], [], [], [], [], [], [], [], [], [], [], [], [], [], [], []]",119.23245752848612
2016-06-02,Meta,118.93000030517578,"[[], [], [], [], [], [], [], [], [], [], [], [], [], [], [], [], [], [], [], [], [], [], [], [], []]",118.49842699872363
2016-06-03,Meta,118.47000122070312,"[[], [], [], [], [], [], [], [], [], [], [], [], [], [], [], [], [], [], [], [], [], [], [], [], []]",119.42424757995636
2016-06-06,Meta,118.79000091552734,"[[], [], [], [], [], [], [], [], [], [], [], [], [], [], [], [], [], [], [], [], [], [], [], [], []]",118.13112110296524
2016-06-07,Meta,117.76000213623047,"[[], [], [], [], [], [], [], [], [], [], [], [], [], [], [], [], [], [], [], [], [], [], [], [], []]",118.83826620989032
2016-06-08,Meta,118.38999938964844,"[[], [], [], [], [], [], [], [], [], [], [], [], [], [], [], [], [], [], [], [], [], [], [], [], []]",117.31012770150511
2016-06-09,Meta,118.55999755859375,"[[], [], [], [], [], [], [], [], [], [], [], [], [], [], [], [], [], [], [], [], [], [], [], [], []]",119.02281923578819
2016-06-10,Meta,116.62000274658203,"[[], [], [], [], [], [], [], [], [], [], [], [], [], [], [], [], [], [], [], [], [], [], [], [], []]",118.20269521775377
2016-06-13,Meta,113.94999694824219,"[[], [], [], [], [], [], [], [], [], [], [], [], [], [], [], [], [], [], [], [], [], [], [], [], []]",117.05853514513085
2016-06-14,Meta,114.94000244140625,"[[], [], [], [], [], [], [], [], [], [], [], [], [], [], [], [], [], [], [], [], [], [], [], [], []]",113.61189868891911
2016-06-15,Meta,114.5999984741211,"[[], [], [], [], [], [], [], [], [], [], [], [], [], [], [], [], [], [], [], [], [], [], [], [], []]",115.24347003897904
2016-06-16,Meta,114.38999938964844,"[[], [], [], [], [], [], [], [], [], [], [], [], [], [], [], [], [], [], [], [], [], [], [], [], []]",114.75004666956309
2016-06-17,Meta,113.0199966430664,"[[], [], [], [], [], [], [], [], [], [], [], [], [], [], [], [], [], [], [], [], [], [], [], [], []]",114.783715767721
2016-06-20,Meta,113.37000274658203,"[[], [], [], [], [], [], [], [], [], [], [], [], [], [], [], [], [], [], [], [], [], [], [], [], []]",112.71999469849247
2016-06-21,Meta,114.37999725341797,"[[], [], [], [], [], [], [], [], [], [], [], [], [], [], [], [], [], [], [], [], [], [], [], [], []]",113.52573876165619
2016-06-22,Meta,113.91000366210938,"[[], [], [], [], [], [], [], [], [], [], [], [], [], [], [], [], [], [], [], [], [], [], [], [], []]",114.11192733128036
2016-06-23,Meta,115.08000183105469,"[[], [], [], [], [], [], [], [], [], [], [], [], [], [], [], [], [], [], [], [], [], [], [], [], []]",114.26118115915318
2016-06-24,Meta,112.08000183105469,"[[], [], [], [], [], [], [], [], [], [], [], [], [], [], [], [], [], [], [], [], [], [], [], [], []]",114.48696769290498
2016-06-27,Meta,108.97000122070312,"[[], [], [], [], [], [], [], [], [], [], [], [], [], [], [], [], [], [], [], [], [], [], [], [], []]",112.28346258677402
2016-06-28,Meta,112.69999694824219,"[[], [], [], [], [], [], [], [], [], [], [], [], [], [], [], [], [], [], [], [], [], [], [], [], []]",109.08715810733547
2016-06-29,Meta,114.16000366210938,"[[], [], [], [], [], [], [], [], [], [], [], [], [], [], [], [], [], [], [], [], [], [], [], [], []]",112.79066521139785
2016-06-30,Meta,114.27999877929688,"[[], [], [], [], [], [], [], [], [], [], [], [], [], [], [], [], [], [], [], [], [], [], [], [], []]",114.0054230412218
